building_id,mean_temp,std_temp,pct_above_18,pct_below_15
10000,14.016444682213917,6.3681568382767075,30.966330331633575,55.47538967849264
10009,11.01028048638153,5.80928699600336,16.69765805608604,74.93466680068349
